OFFICIALGENESYMBOL,CARPEDB,EPIGAD,WANG T1,WANG T2,WANG T3,WANG T4,WANG T5,WANG T6,CTD,SUM,Detail
2Q36,0,1,0,0,0,0,0,0,0,1,
491A/T,0,1,0,0,0,0,0,0,0,1,
5HTT,0,1,0,0,0,0,0,0,0,1,
AAAS,0,0,0,0,0,0,0,1,0,1,
AARS,0,0,1,1,0,0,0,0,1,3,
AASS,0,0,0,0,0,0,1,0,0,1,
ABAT,1,1,0,0,0,0,1,0,0,3,
ABCB1,1,1,0,0,0,0,0,0,1,3,
ABCB1A,1,0,0,0,0,0,0,0,0,1,
ABCB1B,1,1,0,0,0,0,0,0,0,2,
ABCC1,1,1,0,0,0,0,0,0,0,2,
ABCC2,0,1,0,0,0,0,0,0,0,1,
ABCC8,0,0,0,0,0,0,1,0,0,1,
ABCG2,0,1,0,0,0,0,0,0,0,1,
ABHD12,0,0,0,0,0,0,1,0,0,1,
ACADS,0,0,0,0,0,0,2,0,0,2,
ACADSB,0,0,0,0,0,0,1,0,0,1,
ACMSD,0,0,0,0,0,0,0,1,0,1,
ACO2,0,0,0,0,0,0,1,0,0,1,
ACOT7,0,0,0,0,0,0,0,1,0,1,
ACOX1,0,0,0,0,0,0,1,0,0,1,
ACP2,1,0,0,0,0,0,0,0,0,1,
ACSF3,0,0,0,0,0,0,1,0,0,1,
ACTB,0,0,0,0,0,0,1,0,1,2,
ACTG1,0,0,0,0,0,0,1,0,1,2,
ACVR1,0,0,0,0,0,0,1,0,0,1,
ACY1,0,0,0,0,0,0,1,0,0,1,
ADAM10,1,0,0,0,0,0,0,0,0,1,
ADAM22,1,0,0,0,0,0,0,1,0,2,
ADD3,0,0,0,0,0,0,1,0,0,1,
ADGRE1,0,1,0,0,0,0,0,0,0,1,
ADGRG1,0,0,0,0,2,1,0,0,0,3,
ADGRL2,0,0,0,0,0,0,0,1,0,1,
ADGRV1,1,0,1,1,0,0,0,0,0,3,
ADK,1,0,0,0,0,0,1,0,0,2,
ADNP,1,0,0,0,0,0,1,0,0,2,
ADORA1,0,1,0,0,0,0,0,0,0,1,
ADORA2A,0,0,0,0,0,0,0,1,0,1,
ADRA2A,0,0,0,0,0,0,0,0,1,1,
ADRA2B,0,0,1,0,0,0,0,0,1,2,
ADSL,1,0,0,0,0,0,1,0,0,2,
AFF2,1,0,0,0,0,0,0,0,0,1,
AFG3L2,0,0,0,0,0,0,1,0,1,2,
AGL,0,0,0,0,0,0,1,0,0,1,
AGO4,0,0,0,0,0,0,0,1,0,1,
AGPS,0,0,0,0,0,0,1,0,0,1,
AGTR2,1,0,0,0,0,0,0,1,0,2,
AHI1,0,0,0,0,0,0,1,0,0,1,
AIFM1,0,0,0,0,0,0,1,0,0,1,
AIMP1,0,0,0,0,0,0,1,0,0,1,
AKT1,0,0,0,0,0,0,0,0,1,1,
AKT2,0,0,0,0,0,0,1,0,0,1,
AKT3,0,0,0,0,0,0,0,1,0,1,
ALB,0,0,0,0,0,0,0,0,1,1,
ALDH18A1,0,0,0,0,0,0,1,0,0,1,
ALDH4A1,0,0,0,0,0,0,1,0,0,1,
ALDH5A1,1,1,0,0,0,0,0,0,0,2,
ALDH7A1,1,0,1,1,0,0,0,0,1,4,
ALG1,0,0,1,1,0,0,2,0,0,4,
ALG11,0,0,0,0,0,0,1,0,0,1,
ALG12,0,0,0,0,0,0,1,0,0,1,
ALG13,0,0,1,1,0,0,0,0,1,3,
ALG2,0,0,0,0,0,0,1,0,0,1,
ALG3,0,0,0,0,0,0,1,0,0,1,
ALG6,1,0,0,0,0,0,1,0,0,2,
ALG9,1,0,0,0,0,0,1,0,0,2,
ALPL,1,0,0,0,0,0,0,0,0,1,
AMACR,0,0,0,0,0,0,1,0,0,1,
AMER1,0,0,0,0,0,0,1,0,0,1,
AMPD2,0,0,0,0,1,1,0,0,0,2,
AMPH,1,0,0,0,0,0,0,0,0,1,
AMT,0,0,0,0,0,0,3,0,0,3,
ANK3,0,0,0,0,0,0,2,0,0,2,
ANKH,0,0,0,0,0,0,1,0,0,1,
ANKK1,0,1,0,0,0,0,0,0,0,1,
ANKLE2,0,0,0,0,1,1,0,0,0,2,
ANKRD11,0,0,0,0,0,0,0,0,1,1,
ANO10,0,0,0,0,0,0,1,0,0,1,
ANOS1,0,0,0,0,0,0,1,0,0,1,
AP1S2,1,0,0,0,0,0,1,0,0,2,
AP3B2,0,0,0,0,0,0,0,0,1,1,
AP3D1,1,0,0,0,0,0,1,0,0,2,
AP4B1,0,0,0,0,0,0,1,0,0,1,
AP4E1,0,0,0,0,0,0,1,0,0,1,
AP4S1,0,0,0,0,0,0,1,0,0,1,
APOE,1,1,0,0,0,0,0,1,0,3,
APOPT1,0,0,0,0,0,0,1,0,0,1,
APP,1,0,0,0,0,0,3,0,0,4,
AQP4,1,1,0,0,0,0,0,0,0,2,
ARC,0,1,0,0,0,0,0,0,0,1,
ARFGEF2,0,0,0,0,1,1,0,0,0,2,
ARG1,0,0,0,0,0,0,1,0,0,1,
ARHGDIA,0,0,0,0,0,0,1,0,0,1,
ARHGEF15,0,0,0,0,0,0,0,1,0,1,
ARHGEF9,1,0,1,1,0,0,0,0,1,4,
ARID1A,0,0,0,0,0,0,1,0,0,1,
ARID1B,0,0,0,0,0,0,1,0,1,2,
ARNT2,0,0,0,0,0,0,1,0,0,1,
ARSA,0,0,0,0,0,0,1,0,0,1,
ARV1,0,0,1,1,0,0,0,0,1,3,
ARX,1,0,0,0,1,1,0,0,1,4,
ASAH1,0,0,0,0,0,0,1,0,1,2,
ASIC1,0,1,0,0,0,0,0,0,0,1,
ASNS,0,0,0,0,0,0,1,0,0,1,
ASP1,1,0,0,0,0,0,0,0,0,1,
ASP2,1,0,0,0,0,0,0,0,0,1,
ASP3,1,0,0,0,0,0,0,0,0,1,
ASPM,0,0,0,0,1,1,0,0,0,2,
ASXL1,0,0,0,0,0,0,1,0,0,1,
ASXL3,0,0,0,0,0,0,0,0,1,1,
ATCAY,1,0,0,0,0,0,0,0,0,1,
ATIC,0,0,0,0,0,0,0,0,1,1,
ATN1,1,0,0,0,1,1,0,0,1,4,
ATOX1,1,0,0,0,0,0,0,0,0,1,
ATP10A,1,0,0,0,0,0,0,0,0,1,
ATP13A2,0,0,0,0,0,0,0,1,0,1,
ATP1A2,1,1,0,0,0,0,1,0,0,3,
ATP1A3,0,0,0,0,0,0,1,0,0,1,
ATP5A1,0,0,0,0,0,0,1,0,0,1,
ATP6AP1,0,0,0,0,0,0,1,0,0,1,
ATP6AP2,1,0,0,0,0,0,1,0,1,3,
ATP6V0A2,0,0,0,0,0,0,1,0,0,1,
ATP6V0C,0,0,0,0,0,0,0,1,0,1,
ATP7A,1,0,0,0,0,0,1,0,0,2,
ATP8A2,0,0,0,0,0,0,0,1,0,1,
ATPAF2,0,0,0,0,0,0,1,0,0,1,
ATPALPHA,1,0,0,0,0,0,0,0,0,1,
ATXN10,1,0,0,0,0,0,1,0,0,2,
ATXN2,1,0,0,0,0,0,0,1,0,2,
AUH,0,0,0,0,0,0,1,0,0,1,
AUTS2,0,0,0,0,0,0,1,0,1,2,
AVP,1,0,0,0,0,0,0,0,0,1,
AVPR2,0,0,0,0,0,0,1,0,0,1,
B4GAT1,0,0,0,0,0,0,1,0,0,1,
BCAP31,0,0,0,0,0,0,1,0,0,1,
BCHE,0,0,0,0,0,0,0,0,1,1,
BCKDHA,0,0,0,0,0,0,1,0,0,1,
BCKDK,0,0,0,0,0,0,1,0,1,2,
BCL10,0,0,0,0,0,0,1,0,0,1,
BCS1L,0,0,0,0,0,0,1,0,0,1,
BDKRB1,1,0,0,0,0,0,0,0,1,2,
BDKRB2,1,0,0,0,0,0,0,0,1,2,
BDNF,1,1,0,0,0,0,0,1,1,4,
BEX3,0,0,0,0,0,0,0,1,0,1,
BFIC2,1,0,0,0,0,0,0,0,0,1,
BFIS1,1,0,0,0,0,0,0,0,0,1,
BHLHE40,1,0,0,0,0,0,0,0,0,1,
BID,1,0,0,0,0,0,0,0,0,1,
BIS1,1,0,0,0,0,0,0,0,0,1,
BIS2,1,0,0,0,0,0,0,0,0,1,
BIS3,1,0,0,0,0,0,0,0,0,1,
BIS4,1,0,0,0,0,0,0,0,0,1,
BMP4,0,0,0,0,0,0,1,0,0,1,
BMP5,0,0,0,0,0,0,0,1,0,1,
BOLA3,0,0,0,0,0,0,1,0,0,1,
BRAF,0,0,0,0,0,0,1,0,0,1,
BRAT1,0,0,0,0,0,0,1,0,0,1,
BRCA2,0,0,0,0,0,0,1,0,0,1,
BRD2,1,1,0,0,0,0,0,1,0,3,
BRWD3,0,0,0,0,0,0,0,1,0,1,
BSCL2,0,0,0,0,0,0,1,0,0,1,
BSN,1,0,0,0,0,0,0,1,0,2,
BSS,1,0,0,0,0,0,0,0,0,1,
C12orf57,0,0,0,0,0,0,1,0,0,1,
C16orf62,0,0,0,0,0,0,0,1,0,1,
C18orf25,0,0,0,0,0,0,0,1,0,1,
C3,0,1,0,0,2,2,3,3,0,11,
CA12,0,1,0,0,0,0,0,0,0,1,
CACNA1A,1,1,1,1,0,0,0,0,1,5,Calcium channel
CACNA1D,0,0,0,0,0,0,1,0,0,1,Calcium channel
CACNA1E,1,0,0,0,0,0,0,0,0,1,Calcium channel
CACNA1G,1,1,0,0,0,0,0,1,0,3,Calcium channel
CACNA1H,1,1,2,1,0,0,0,0,1,6,Calcium channel
CACNA1I,0,1,0,0,0,0,0,0,0,1,Calcium channel
CACNA2D1,0,0,0,0,0,0,0,1,0,1,Calcium channel
CACNA2D2,1,0,0,0,0,0,0,1,1,3,Calcium channel
CACNB2,1,0,0,0,0,0,0,0,0,1,Calcium channel
CACNB4,1,0,2,1,0,0,0,0,1,5,Calcium channel
CACNG2,1,0,0,0,0,0,1,0,0,2,Calcium channel
CACNG3,1,1,0,0,0,0,0,0,0,2,Calcium channel
CAD,0,0,0,0,0,0,3,0,1,4,
CALHM1,0,1,0,0,0,0,0,0,0,1,
CALM2,0,0,0,0,0,0,1,0,0,1,
CALN1,0,0,0,0,0,0,0,1,0,1,
CAMK2A,1,0,0,0,0,0,0,0,0,1,
CAMK2B,1,0,0,0,0,0,0,0,0,1,
CAMK2D,1,0,0,0,0,0,0,0,0,1,
CAMTA1,0,0,0,0,0,0,1,0,0,1,
CARD9,0,0,0,0,0,0,1,0,0,1,
CARS2,0,0,0,0,0,0,1,0,0,1,
CASK,0,0,0,0,1,1,0,0,0,2,
CASP6,1,0,0,0,0,0,0,0,0,1,
CASP7,1,0,0,0,0,0,0,0,0,1,
CASQ2,1,0,0,0,0,0,0,0,0,1,
CASR,1,0,1,1,0,0,0,0,1,4,
CAV3,0,0,0,0,0,0,1,0,0,1,
CBL,0,0,0,0,0,0,0,1,0,1,
CBS,1,0,0,0,0,0,0,0,0,1,
CC2D2A,0,0,0,0,0,0,1,0,0,1,
CCDC88C,0,0,0,0,1,1,0,0,0,2,
CCL2,0,1,0,0,0,0,0,0,0,1,
CCM2,1,0,0,0,0,0,0,0,0,1,
CD40LG,0,1,0,0,0,0,0,0,0,1,
CD46,0,0,0,0,0,0,0,1,0,1,
CD59,0,0,0,0,0,0,1,0,0,1,
CDH2,1,0,0,0,0,0,0,0,0,1,
CDK5,1,0,0,0,1,1,0,0,0,3,
CDK5R1,1,0,0,0,0,0,0,0,0,1,
CDKL5,1,0,1,1,0,0,0,0,1,4,
CELF4,0,0,0,0,0,0,0,1,0,1,
CELSR3,0,0,0,0,0,0,0,1,0,1,
CENPE,0,0,0,0,1,1,0,0,0,2,
CENPJ,0,0,0,0,1,1,0,0,0,2,
CENPW,0,0,0,0,0,0,0,1,0,1,
CEP164,0,0,0,0,0,0,1,0,0,1,
CEP290,0,0,0,0,0,0,1,0,0,1,
CERS1,0,0,1,1,0,0,0,0,1,3,
CHD1L,0,0,0,0,0,0,0,1,0,1,
CHD2,0,0,1,1,0,0,0,0,1,3,
CHD3,0,0,0,0,0,0,0,1,0,1,
CHD4,0,0,0,0,0,0,0,1,0,1,
CHD8,0,0,0,0,0,0,1,0,0,1,
CHGA,1,0,0,0,0,0,0,0,0,1,
CHKB,0,0,0,0,0,0,1,0,0,1,
CHL1,0,0,0,0,0,0,0,1,0,1,
CHN1,0,0,0,0,0,0,1,0,0,1,
CHRDL1,0,0,0,0,0,0,1,0,0,1,
CHRFAM7A,0,0,0,0,0,0,0,1,0,1,
CHRM1,1,0,0,0,0,0,0,0,1,2,Cholinergic receptor
CHRM2,0,0,0,0,0,0,0,0,1,1,Cholinergic receptor
CHRNA2,1,1,1,1,0,0,0,0,1,5,Cholinergic receptor
CHRNA4,1,1,1,1,0,0,0,0,1,5,Cholinergic receptor
CHRNA6,1,0,0,0,0,0,0,0,0,1,Cholinergic receptor
CHRNA7,1,0,0,0,0,0,0,1,1,3,Cholinergic receptor
CHRNB2,1,1,1,1,0,0,0,0,1,5,Cholinergic receptor
CHRNB3,0,0,0,0,0,0,0,1,0,1,Cholinergic receptor
CIT,1,0,0,0,0,0,0,0,0,1,
CLCN2,1,0,3,1,0,0,0,0,1,6,
CLCN4,0,0,0,0,0,0,0,1,0,1,
CLCN6,0,0,0,0,0,0,0,1,0,1,
CLIC2,0,0,0,0,0,0,1,0,0,1,
CLN3,1,0,0,0,0,0,1,0,0,2,
CLN5,1,0,0,0,0,0,1,0,0,2,
CLN6,1,0,0,0,0,0,1,0,1,3,
CLN8,1,0,0,0,0,0,1,0,0,2,
CLP1,0,0,0,0,1,1,0,0,0,2,
CLPB,0,0,0,0,0,0,1,0,0,1,
CLPP,0,0,0,0,0,0,1,0,0,1,
CLSTN1,0,0,0,0,0,0,0,1,0,1,
CNNM2,0,0,0,0,0,0,1,0,0,1,
CNR1,1,1,0,0,0,0,0,0,1,3,
CNTN2,0,0,1,1,0,0,0,0,1,3,
CNTNAP2,1,0,0,0,1,1,0,0,1,4,
COG4,0,0,0,0,0,0,1,0,0,1,
COG6,0,0,0,0,0,0,1,0,0,1,
COG7,0,0,0,0,0,0,1,0,0,1,
COG8,0,0,0,0,0,0,1,0,0,1,
COL18A1,1,0,0,0,0,0,1,0,0,2,
COL2A1,0,0,0,0,0,0,0,1,0,1,
COL3A1,0,0,0,0,0,0,1,0,0,1,
COL4A1,0,0,0,0,0,0,1,0,0,1,
COL4A2,0,0,0,0,1,1,0,0,0,2,
COL4A3BP,0,0,0,0,0,0,1,0,1,2,
COL6A2,0,0,0,0,0,0,0,1,0,1,
COL6A3,0,0,0,0,0,0,0,1,0,1,
COMT,0,1,0,0,0,0,0,0,0,1,
COQ2,0,0,0,0,0,0,1,0,0,1,
COQ4,0,0,0,0,0,0,1,0,0,1,
COQ6,0,0,0,0,0,0,1,0,0,1,
COQ8A,1,0,0,0,0,0,1,0,0,2,
COQ9,0,0,0,0,0,0,1,0,0,1,
CORO1A,0,0,0,0,0,0,1,0,0,1,
COSZ1,1,0,0,0,0,0,0,0,0,1,
COSZ2,1,0,0,0,0,0,0,0,0,1,
COSZ3,1,0,0,0,0,0,0,0,0,1,
COX10,0,0,0,0,0,0,1,0,0,1,
COX3,0,0,0,0,0,0,0,1,1,2,
COX6B1,0,0,0,0,0,0,1,0,0,1,
COX8A,0,0,0,0,0,0,1,0,0,1,
CP,0,0,2,1,0,0,4,1,0,8,
CPA6,0,0,2,1,0,0,0,0,1,4,
CPO,1,0,0,0,0,0,0,0,0,1,
CPS1,0,0,0,0,0,0,1,0,0,1,
CPT2,0,0,0,0,0,0,1,0,0,1,
CR1,0,1,0,0,0,0,0,0,0,1,
CRB2,0,0,0,0,0,0,1,0,0,1,
CREBBP,0,0,0,0,0,0,0,1,0,1,
CRH,0,0,0,0,0,0,0,2,1,3,
CRHR1,0,0,0,0,0,0,0,1,0,1,
CRLF1,0,0,0,0,0,0,1,0,0,1,
CRYAB,0,0,0,0,0,0,1,0,0,1,
CSF1R,0,0,0,0,0,0,1,0,0,1,
CSMD3,1,0,0,0,0,0,0,0,0,1,
CSNK1G1,0,0,0,0,0,0,0,1,0,1,
CSNK1G2,1,1,0,0,0,0,0,0,0,2,
CSPG4,1,0,0,0,0,0,0,0,0,1,
CSPP1,0,0,0,0,0,0,1,0,0,1,
CSTB,1,1,1,1,0,0,0,0,1,5,
CTC1,0,0,0,0,0,0,1,0,0,1,
CTH,0,0,0,0,0,0,1,0,0,1,
CTNND2,0,0,0,0,0,0,0,1,0,1,
CTSD,0,0,0,0,0,0,1,0,0,1,
CTSF,0,0,0,0,0,0,1,0,0,1,
CUL4B,0,0,0,0,0,0,1,0,0,1,
CUX1,0,0,0,0,0,0,0,1,0,1,
CXCL8,0,1,0,0,0,0,0,0,0,1,
CXCR4,0,0,0,0,0,0,0,1,0,1,
CYB5R3,0,0,0,0,0,0,1,0,0,1,
CYP1A1,0,1,0,0,0,0,0,0,0,1,
CYP26C1,0,0,0,0,0,0,0,1,0,1,
CYP27B1,0,0,0,0,0,0,1,0,0,1,
CYP2C19,0,1,0,0,0,0,0,0,0,1,
CYP2C9,1,1,0,0,0,0,0,0,0,2,
CYP2D6,0,1,0,0,0,0,0,0,1,2,
D18S474,0,1,0,0,0,0,0,0,0,1,
D2HGDH,0,0,0,0,0,0,1,0,0,1,
DAPK1,1,0,0,0,0,0,0,0,0,1,
DAPK3,1,0,0,0,0,0,0,0,0,1,
DARS2,0,0,0,0,0,0,1,0,0,1,
DBH,0,1,0,0,0,0,0,0,0,1,
DBP,1,0,0,0,0,0,0,0,0,1,
DCX,1,0,0,0,2,1,0,0,0,4,
DDX3X,0,0,0,0,0,0,0,0,1,1,
DEAF1,0,0,0,0,0,0,1,0,0,1,
DENND5A,0,0,0,0,0,0,0,0,1,1,
DEPDC5,0,0,1,1,0,0,0,0,1,3,
DGKD,1,0,0,0,0,0,0,1,0,2,
DHC-1,1,0,0,0,0,0,0,0,0,1,
DHCR24,0,0,0,0,0,0,1,0,0,1,
DHFR,0,0,0,0,0,0,1,0,0,1,
DHTKD1,0,0,0,0,0,0,1,0,0,1,
DIAPH1,0,0,0,0,1,1,0,0,0,2,
DIP2C,0,0,0,0,0,0,0,1,0,1,
DKC1,0,0,0,0,0,0,1,0,0,1,
DLD,0,0,0,0,0,0,1,0,0,1,
DLG2,0,0,0,0,0,0,0,1,0,1,
DLG3,0,0,0,0,0,0,1,0,0,1,
DLX1,1,0,0,0,0,0,0,0,0,1,
DMBX1,0,0,0,0,0,0,0,1,0,1,
DMD,1,0,0,0,0,0,0,1,0,2,
DNAJC5,0,0,0,0,0,0,1,0,0,1,
DNAJC6,0,0,0,0,0,0,1,0,0,1,
DNM1,1,0,1,1,0,0,1,0,1,5,
DNM1L,0,0,0,0,0,0,1,0,0,1,
DNM3,0,0,0,0,0,0,0,1,0,1,
DNMT1,0,0,0,0,0,0,1,0,0,1,
DNMT3A,0,0,0,0,0,0,1,0,0,1,
DOCK6,0,0,0,0,0,0,1,0,0,1,
DOCK7,0,0,1,1,0,0,0,0,1,3,
DOCK8,0,0,0,0,0,0,1,0,0,1,
DPAGT1,1,0,0,0,0,0,1,0,0,2,
DPM1,0,0,0,0,0,0,1,0,0,1,
DPM2,0,0,0,0,0,0,1,0,0,1,
DPYD,0,0,0,0,0,0,1,0,0,1,
DPYS,0,0,0,0,0,0,1,0,0,1,
DPYSL2,1,0,0,0,0,0,0,0,0,1,
DRD2,1,1,0,0,0,0,0,0,0,2,
DYNC1H1,0,0,0,0,0,0,1,0,0,1,
DYRK1A,0,0,0,0,0,0,1,0,1,2,
E(SEI),1,0,0,0,0,0,0,0,0,1,
EARS2,0,0,0,0,0,0,1,0,0,1,
EAS,1,0,0,0,0,0,0,0,0,1,
EBP,0,0,0,0,0,0,1,0,0,1,
ECA1,1,0,0,0,0,0,0,0,0,1,
ECM1,0,0,0,0,0,0,1,0,0,1,
EEF1A2,0,0,1,1,0,0,0,0,1,3,
EFHC1,1,1,2,1,0,0,0,0,1,6,
EFHC2,0,1,0,0,0,0,0,0,0,1,
EFTUD2,0,0,0,0,0,0,1,1,0,2,
EGF,0,0,0,0,0,0,1,0,0,1,
EGI,1,0,0,0,0,0,0,0,0,1,
EGR1,1,0,0,0,0,0,0,0,0,1,
EGR3,1,0,0,0,0,0,0,0,0,1,
EHMT1,0,0,0,0,0,0,1,0,0,1,
EI3,1,0,0,0,0,0,0,0,0,1,
EI4,1,0,0,0,0,0,0,0,0,1,
EI5,1,0,0,0,0,0,0,0,0,1,
EI6,1,0,0,0,0,0,0,0,0,1,
EIF2B1,0,0,0,0,0,0,1,0,0,1,
EIF2S1,1,0,0,0,0,0,0,0,0,1,
EIF2S3,0,0,0,0,0,0,0,0,1,1,
EIG2,1,0,0,0,0,0,0,0,0,1,
EIM,1,0,0,0,0,0,0,0,0,1,
ELMO1,0,0,0,0,0,0,0,1,0,1,
ELOVL4,0,0,0,0,0,0,1,0,0,1,
ELP4,1,0,0,0,0,0,0,0,0,1,
EMX2,1,0,0,0,1,1,0,0,0,3,
EN2,1,0,0,0,0,0,0,0,0,1,
ENFL2,1,0,0,0,0,0,0,0,0,1,
ENG,0,0,0,0,0,0,0,1,0,1,
EPB41,1,0,0,0,0,0,0,0,0,1,
EPG5,0,0,0,0,0,0,1,0,0,1,
EPHA5,0,0,0,0,0,0,0,1,0,1,
EPHB2,0,0,0,0,0,0,0,1,0,1,
EPHX1,0,1,0,0,0,0,0,0,0,1,
EPM2A,1,0,1,1,0,0,0,0,1,4,
EPPS,1,0,0,0,0,0,0,0,0,1,
ERCC6,0,0,0,0,0,0,1,0,0,1,
ERLIN2,0,0,0,0,0,0,1,0,0,1,
ERMARD,0,0,0,0,1,1,0,0,0,2,
ERN1,0,0,0,0,0,0,0,0,1,1,
ETFDH,0,0,0,0,0,0,1,0,0,1,
ETHE1,0,0,0,0,0,0,1,0,0,1,
EXOC6B,0,0,0,0,0,0,0,1,0,1,
EXOSC3,0,0,0,0,1,1,0,0,0,2,
EXT2,0,0,0,0,0,0,1,0,0,1,
F2,0,0,0,0,2,2,6,2,0,12,
FADD,0,0,0,0,0,0,1,0,0,1,
FAM111A,0,0,0,0,0,0,1,0,0,1,
FAR1,0,0,0,0,0,0,1,0,0,1,
FARP2,0,0,0,0,0,0,0,1,0,1,
FARS2,0,0,0,0,0,0,1,0,0,1,
FASN,0,0,0,0,0,0,0,1,0,1,
FASTKD2,0,0,0,0,0,0,1,0,0,1,
FAT4,0,0,0,0,0,0,1,0,0,1,
FBXL4,0,0,0,0,0,0,1,0,0,1,
FBXO28,0,0,0,0,0,0,0,1,0,1,
FCMTE1,1,0,0,0,0,0,0,0,0,1,
FEB1,1,0,0,0,0,0,0,0,0,1,
FEB2,1,0,0,0,0,0,0,0,0,1,
FGD1,0,0,0,0,0,0,1,0,0,1,
FGF12,0,0,1,1,0,0,0,0,1,3,
FGF2,1,0,0,0,0,0,0,0,1,2,
FGF8,0,0,0,0,0,0,1,0,0,1,
FGFR3,0,0,0,0,0,0,1,0,0,1,
FIG4,0,0,0,0,1,1,0,0,0,2,
FKTN,0,0,0,0,0,0,1,0,0,1,
FLG,0,0,0,0,0,0,0,1,0,1,
FLNA,1,0,0,0,1,1,0,0,1,4,
FLT4,0,0,0,0,0,0,0,1,0,1,
FMC1,0,0,0,0,0,0,0,1,0,1,
FMN2,0,0,0,0,0,0,1,0,0,1,
FMR1,1,0,0,0,0,0,1,0,0,2,
FOLR1,0,0,0,0,0,0,1,0,1,2,
FOS,0,0,0,0,0,0,0,0,1,1,
FOSB,1,0,0,0,0,0,0,0,1,2,
FOXG1,0,0,0,0,0,0,1,0,1,2,
FOXRED1,0,0,0,0,0,0,1,0,0,1,
FPEVF,1,0,0,0,0,0,0,0,0,1,
FRRS1L,0,0,1,1,0,0,0,0,1,3,
FSTL5,0,0,0,0,0,0,0,1,0,1,
FTL,0,0,0,2,0,0,1,0,1,4,
FTO,0,0,0,0,0,0,1,0,0,1,
FTSJ1,0,0,0,0,0,0,1,0,0,1,
FYN,1,0,0,0,0,0,0,0,0,1,
FZD9,1,0,0,0,0,0,0,0,0,1,
GABBR1,1,1,0,0,0,0,0,1,0,3,
GABBR2,0,1,0,0,0,0,0,1,0,2,
GABRA1,1,1,3,1,0,0,0,0,1,7,GABA-A receptor
GABRA5,0,1,0,0,0,0,0,0,0,1,GABA-A receptor
GABRA6,0,1,0,0,0,0,0,1,0,2,GABA-A receptor
GABRB1,0,0,1,1,0,0,0,0,1,3,GABA-A receptor
GABRB2,0,1,0,0,0,0,0,1,1,3,GABA-A receptor
GABRB3,1,1,2,1,0,0,0,0,1,6,GABA-A receptor
GABRD,1,1,3,1,0,0,0,0,1,7,GABA-A receptor
GABRG2,1,1,3,1,0,0,0,0,1,7,GABA-A receptor
GABRR1,0,1,0,0,0,0,0,0,0,1,
GABRR2,0,1,0,0,0,0,0,0,0,1,
GAD1,1,1,0,0,0,0,1,0,0,3,
GAD2,1,0,0,0,0,0,0,0,0,1,
GAL,1,0,3,2,0,0,1,0,1,8,
GALC,1,0,0,0,0,0,1,0,0,2,
GALR1,1,0,0,0,0,0,0,0,0,1,
GAMT,0,0,0,0,0,0,1,0,0,1,
GAP43,1,0,0,0,0,0,0,0,0,1,
GAS2L2,0,0,0,0,0,0,0,1,0,1,
GATA6,0,0,0,0,0,0,1,0,0,1,
GATAD2B,0,0,0,0,0,0,1,0,0,1,
GBA,0,0,0,0,0,0,1,0,0,1,
GBE1,0,0,0,0,0,0,0,1,0,1,
GCH1,0,0,0,0,0,0,1,0,0,1,
GCK,0,0,0,0,0,0,1,0,0,1,
GDI1,0,0,0,0,0,0,1,0,0,1,
GFAP,0,0,0,0,0,0,1,0,1,2,
GFM1,0,0,0,0,0,0,1,0,0,1,
GFRA1,0,0,0,0,0,0,0,1,0,1,
GFRA2,1,0,0,0,0,0,0,0,0,1,
GIPC1,0,0,0,0,0,0,0,1,0,1,
GJA1,0,1,0,0,0,0,0,0,0,1,
GJB2,1,0,0,0,0,0,0,0,0,1,
GJC2,0,0,0,0,0,0,1,0,0,1,
GJD2,0,1,0,0,0,0,0,1,0,2,
GK,0,0,0,0,0,0,1,1,0,2,
GLDC,0,0,0,0,0,0,1,0,0,1,
GLI2,0,0,0,0,0,0,1,0,0,1,
GLP1R,1,0,0,0,0,0,0,0,0,1,
GLRA1,0,0,0,0,0,0,1,0,0,1,
GLRA3,0,1,0,0,0,0,0,0,0,1,
GLRB,0,1,0,0,0,0,0,0,0,1,
GLUD1,1,0,0,0,0,0,0,0,0,1,
GLUL,0,0,0,0,0,0,1,0,0,1,
GMEB2,0,0,0,0,0,0,0,1,0,1,
GMPPB,0,0,0,0,0,0,1,0,0,1,
GNA11,0,0,0,0,0,0,1,0,0,1,
GNAO1,0,0,1,1,0,0,0,0,1,3,
GNAQ,0,0,0,0,0,0,1,0,0,1,
GNB1,0,0,0,0,0,0,1,0,0,1,
GNPAT,0,0,0,0,0,0,1,0,0,1,
GOSR2,0,0,1,1,0,0,0,0,1,3,
GPHN,0,0,0,0,0,0,1,0,0,1,
GPSM2,0,0,0,0,0,0,1,0,0,1,
GPT2,0,0,0,0,0,0,1,0,0,1,
GPX1,0,0,0,0,0,0,0,0,1,1,
GPX4,0,0,0,0,0,0,1,0,0,1,
GRIA1,0,0,0,0,0,0,0,0,0,0,Glutamate receptor
GRIA2,1,0,0,0,0,0,0,0,0,1,Glutamate receptor
GRIA3,1,0,0,0,0,0,1,0,0,2,Glutamate receptor
GRIA4,1,0,0,0,0,0,0,0,0,1,Glutamate receptor
GRIK1,0,1,0,0,0,0,0,1,0,2,Glutamate receptor
GRIK2,0,0,0,0,0,0,1,0,0,1,Glutamate receptor
GRIN1,1,1,0,0,0,0,1,0,0,3,Glutamate receptor
GRIN2A,1,0,1,1,0,0,0,0,1,4,Glutamate receptor
GRIN2B,0,0,1,0,0,0,0,0,1,2,Glutamate receptor
GRIN2D,0,0,1,1,0,0,0,0,1,3,Glutamate receptor
GRINA,0,0,0,0,0,0,0,1,0,1,
GRIP1,0,0,0,0,0,0,0,1,0,1,
GRM1,1,0,0,0,0,0,1,0,1,3,Glutamate receptor
GRM2,0,0,0,0,0,0,0,0,1,1,Glutamate receptor
GRM3,0,0,0,0,0,0,0,0,1,1,Glutamate receptor
GRM4,0,1,0,0,0,0,0,0,1,2,Glutamate receptor
GRM5,0,0,0,0,0,0,0,0,1,1,Glutamate receptor
GRM7,0,1,0,0,0,0,0,0,0,1,Glutamate receptor
GRM8,0,1,0,0,0,0,0,0,0,1,Glutamate receptor
GRN,0,0,0,0,0,0,1,0,0,1,
GSTM1,0,1,0,0,0,0,0,0,0,1,
GTPBP3,0,0,0,0,0,0,1,0,0,1,
GUCY1A3,0,0,0,0,0,0,1,0,0,1,
GUF1,0,0,1,2,0,0,0,0,1,4,
GYS1,0,0,0,0,0,0,1,0,0,1,
HACE1,0,0,0,0,0,0,1,0,0,1,
HADHA,0,0,0,0,0,0,1,0,0,1,
HADHB,0,0,0,0,0,0,1,0,0,1,
HAX1,1,0,0,0,0,0,1,0,0,2,
HBEGF,0,0,0,0,0,0,0,0,1,1,
HCFC1,0,0,0,0,0,0,1,0,0,1,
HCK,0,0,0,0,0,0,0,1,0,1,
HCN1,1,1,1,1,0,0,0,0,1,5,
HCN2,1,1,0,0,0,0,0,1,0,3,
HCN4,0,0,0,0,0,0,0,1,0,1,
HDAC4,0,0,0,0,0,0,0,1,0,1,
HDC,1,0,0,0,0,0,0,0,0,1,
HECW2,0,0,0,0,0,0,0,1,0,1,
HEPACAM,0,0,0,0,0,0,1,0,0,1,
HERC1,0,0,0,0,1,1,0,0,0,2,
HERC2,0,0,0,0,0,0,1,0,0,1,
HESX1,0,0,0,0,0,0,1,0,0,1,
HGSNAT,0,0,0,0,0,0,1,0,0,1,
HIBCH,0,0,0,0,0,0,1,0,0,1,
HIP1,0,0,0,0,0,0,0,1,0,1,
HLA,0,1,0,0,0,0,0,0,0,1,
HLA-A,0,1,0,0,0,0,0,0,0,1,
HLA-B,0,1,0,0,0,0,0,0,0,1,
HLA-CW,0,1,0,0,0,0,0,0,0,1,
HLA-DR,0,1,0,0,0,0,0,0,0,1,
HLA-DRB1,0,1,0,0,0,0,0,0,0,1,
HLF,1,0,0,0,0,0,0,0,0,1,
HMGCS2,0,0,0,0,0,0,1,0,0,1,
HNF1B,0,0,0,0,0,0,1,0,0,1,
HNRNPH1,0,0,0,0,0,0,0,1,0,1,
HNRNPU,0,0,0,0,0,0,0,1,1,2,
HOMER1,1,0,0,0,0,0,0,0,0,1,
HOXD,0,0,0,0,0,0,0,1,0,1,
HP,0,1,0,0,0,0,0,0,0,1,
HRH1,1,0,0,0,0,0,0,0,0,1,
HS2ST1,0,0,0,0,0,0,0,1,0,1,
HSD17B10,0,0,0,0,0,0,1,0,0,1,
HSD17B4,0,0,0,0,0,0,1,0,1,2,
HSPA1A,0,1,0,0,0,0,0,0,0,1,
HSPA1B,1,0,0,0,0,0,0,0,0,1,
HSPA1L,0,1,0,0,0,0,0,0,0,1,
HSPB2,1,0,0,0,0,0,0,0,0,1,
HSPD1,0,0,0,0,0,0,1,0,0,1,
HSPE1,1,0,0,0,0,0,0,0,0,1,
HSPG2,0,0,0,0,0,0,0,1,0,1,
HTR1A,0,1,0,0,0,0,0,1,0,2,
HTR1B,0,1,0,0,0,0,0,0,0,1,
HTR2A,1,0,0,0,0,0,0,1,0,2,
HTR2C,0,1,0,0,0,0,0,0,0,1,
HTR4,1,0,0,0,0,0,0,0,0,1,
HTR7,1,0,0,0,0,0,0,0,0,1,
HTT,1,0,0,0,0,0,1,0,0,2,
HUWE1,0,0,0,0,0,0,0,1,0,1,
IDH2,0,0,0,0,0,0,1,0,0,1,
IDS,1,0,0,0,0,0,1,0,0,2,
IER3IP1,0,0,0,0,1,1,0,0,1,3,
IFIH1,0,0,0,0,0,0,1,0,0,1,
IFNA1,1,0,0,0,0,0,0,0,0,1,
IFNAR2,0,0,0,0,0,0,1,0,0,1,
IGSF8,0,0,0,0,0,0,0,1,0,1,
IL10,0,1,0,0,0,0,0,1,0,2,
IL13,0,1,0,0,0,0,0,0,0,1,
IL1A,0,1,0,0,0,0,0,0,1,2,
IL1B,1,1,0,0,0,0,0,1,1,4,
IL1RN,0,1,0,0,0,0,0,1,0,2,
IL27RA,0,0,0,0,0,0,0,1,0,1,
IL4,0,1,0,0,0,0,0,0,0,1,
IL6,1,1,0,0,0,0,0,1,0,3,
ILK,0,0,0,0,0,0,0,0,1,1,
IMPA2,0,1,0,0,0,0,0,0,0,1,
INO80,0,0,0,0,0,0,0,1,0,1,
INPP4A,0,0,0,0,0,0,0,1,0,1,
INSR,0,0,0,0,0,0,1,0,0,1,
IQSEC2,0,0,0,0,0,0,1,0,1,2,
IRF3,0,0,0,0,0,0,1,0,0,1,
ISG15,0,0,0,0,0,0,1,0,0,1,
ITGB1BP1,0,0,0,0,0,0,0,1,0,1,
ITPA,0,0,1,1,0,0,0,0,1,3,
ITPR1,0,0,0,0,0,0,1,0,0,1,
IVNS1ABP,0,0,0,0,0,0,1,2,0,3,
JAM3,0,0,0,0,0,0,1,0,0,1,
JAMS1,1,0,0,0,0,0,0,0,0,1,
JBUG,1,0,0,0,0,0,0,0,0,1,
JRK,1,0,0,0,0,0,0,1,1,3,
KARS,0,0,0,0,0,0,0,1,0,1,
KAT6A,0,0,0,0,0,0,1,0,0,1,
KATNB1,0,0,0,0,1,1,0,0,0,2,
KAY,1,0,0,0,0,0,0,0,0,1,
KCNA1,1,0,0,0,0,0,1,0,0,2,Potassium Channel
KCNA2,0,0,1,1,0,0,0,0,1,3,Potassium Channel
KCNA4,1,0,0,0,0,0,0,0,0,1,Potassium Channel
KCNAB1,1,1,0,0,0,0,0,1,0,3,Potassium Channel
KCNAB2,1,0,0,0,0,0,0,1,1,3,Potassium Channel
KCNB1,0,0,1,1,0,0,0,0,1,3,Potassium Channel
KCNC1,0,0,1,1,0,0,0,0,1,3,Potassium Channel
KCNC3,0,0,0,0,0,0,0,1,0,1,Potassium Channel
KCNC4,0,0,0,0,0,0,0,0,1,1,Potassium Channel
KCND2,0,0,0,0,0,0,0,1,0,1,Potassium Channel
KCND3,0,0,0,0,0,0,0,1,0,1,Potassium Channel
KCNE1,0,0,0,0,0,0,0,1,0,1,Potassium Channel
KCNH1,0,0,0,0,0,0,1,0,1,2,Potassium Channel
KCNH2,1,0,0,0,0,0,0,1,0,2,Potassium Channel
KCNH5,0,0,0,0,0,0,0,1,0,1,Potassium Channel
KCNIP3,1,0,0,0,0,0,0,0,0,1,
KCNJ10,1,1,0,0,0,0,1,0,0,3,Potassium Channel
KCNJ11,1,0,0,0,0,0,1,0,0,2,Potassium Channel
KCNJ3,1,1,0,0,0,0,0,0,0,2,Potassium Channel
KCNJ5,0,0,0,0,0,0,1,0,0,1,Potassium Channel
KCNJ6,0,0,0,0,0,0,1,0,0,1,Potassium Channel
KCNK2,1,0,0,0,0,0,0,0,0,1,Potassium Channel
KCNK9,0,1,0,0,0,0,0,0,1,2,Potassium Channel
KCNMA1,0,0,1,1,0,0,0,0,1,3,Potassium Channel
KCNMB3,0,1,0,0,0,0,0,1,0,2,Potassium Channel
KCNMB4,1,1,0,0,0,0,0,0,0,2,Potassium Channel
KCNN2,1,0,0,0,0,0,0,0,0,1,Potassium Channel
KCNN3,0,1,0,0,0,0,0,1,0,2,Potassium Channel
KCNQ1,1,0,0,0,0,0,1,0,0,2,Potassium Channel
KCNQ2,1,1,2,1,0,0,0,0,1,6,Potassium Channel
KCNQ3,1,1,1,1,0,0,0,0,1,5,Potassium Channel
KCNT1,0,0,2,1,0,0,0,0,1,4,Potassium Channel
KCNV1,1,0,0,0,0,0,0,0,0,1,Potassium Channel
KCNV2,0,0,0,0,0,0,0,1,0,1,Potassium Channel
KCTD3,0,0,0,0,0,0,0,1,0,1,
KCTD7,0,0,1,1,0,0,0,0,1,3,
KDM5C,0,0,0,0,0,0,1,0,0,1,
KDM6A,0,0,0,0,0,0,0,1,0,1,
KDR,0,0,0,0,0,0,0,0,1,1,
KEK2,1,0,0,0,0,0,0,0,0,1,
KIAA1456,0,0,0,0,0,0,0,1,0,1,
KIF11,0,0,0,0,1,1,0,0,0,2,
KIF1A,0,0,0,0,0,0,1,0,0,1,
KIF2A,0,0,0,0,1,1,0,0,0,2,
KIF3C,0,0,0,0,0,0,0,1,0,1,
KIF4A,0,0,0,0,0,0,1,0,0,1,
KIF5C,0,0,0,0,1,1,0,0,0,2,
KISS1R,1,0,0,0,0,0,0,0,0,1,
KLF13,0,0,0,0,0,0,0,1,0,1,
KMT2A,0,0,0,0,0,0,1,0,0,1,
KNG1,1,0,0,0,0,0,0,0,0,1,
KPNA7,0,0,0,0,0,0,0,1,0,1,
KPTN,0,0,0,0,0,0,1,0,0,1,
KRAS,0,0,0,0,0,0,1,0,0,1,
KRIT1,1,0,0,0,0,0,1,0,0,2,
L1CAM,0,0,0,0,0,0,0,1,0,1,
L2HGDH,1,0,0,0,0,0,0,0,1,2,
LAMA2,0,0,0,0,0,0,1,0,0,1,
LAMB1,0,0,0,0,1,1,0,0,0,2,
LAMC3,0,0,0,0,1,1,0,0,0,2,
LAMP5,1,0,0,0,0,0,0,0,0,1,
LARS2,0,0,0,0,0,0,1,0,0,1,
LGI1,1,1,1,1,0,0,0,0,1,5,
LGI2,1,0,0,0,0,0,0,0,0,1,
LGI3,1,0,0,0,0,0,0,0,0,1,
LGI4,1,1,0,0,0,0,0,0,0,2,
LIAS,0,0,0,0,0,0,1,0,0,1,
LIF,1,0,0,0,0,0,0,0,0,1,
LIS-1,1,0,0,0,0,0,0,0,0,1,
LMAN2L,0,0,0,0,0,0,1,0,0,1,
LMNB2,0,0,1,1,0,0,0,0,1,3,
LOR,0,0,0,0,0,0,0,1,0,1,
LRFN5,0,0,0,0,0,0,0,1,0,1,
LRP2,0,0,0,0,0,0,1,0,0,1,
LRPPRC,0,0,0,0,0,0,1,0,0,1,
LRRK2,0,0,0,0,0,0,1,0,0,1,
MAF,0,0,0,0,0,0,1,0,0,1,
MAGEL2,0,0,0,0,0,0,1,0,0,1,
MAGI2,0,0,0,0,0,0,0,1,0,1,
MAN2A2,0,0,0,0,0,0,0,1,0,1,
MANBA,0,0,0,0,0,0,0,1,0,1,
MAOA,0,1,0,0,0,0,1,0,0,2,
MAPK10,0,0,0,0,0,0,0,1,0,1,
MAPRE2,0,0,0,0,0,0,1,0,0,1,
MAPT,0,0,0,0,0,0,1,0,0,1,
MARCA2,0,0,0,0,0,0,2,0,0,2,
MATN4,0,0,0,0,0,0,0,1,0,1,
MBD5,0,0,0,0,0,0,1,0,0,1,
MBTPS2,0,0,0,0,0,0,1,0,0,1,
MC3R,1,0,0,0,0,0,0,0,0,1,
MC4R,0,1,0,0,0,0,0,0,0,1,
MCCC1,0,0,0,0,0,0,1,0,0,1,
MCCC2,0,0,0,0,0,0,1,0,0,1,
MCEPH,1,0,0,0,0,0,0,0,0,1,
MCM8,0,0,0,0,0,0,1,0,0,1,
MCM9,0,0,0,0,0,0,0,1,0,1,
MDH2,0,0,0,0,0,0,0,0,1,1,
ME2,1,1,0,0,0,0,0,1,0,3,
MECP2,1,0,0,0,0,0,1,0,1,3,
MED12,0,0,0,0,0,0,0,1,0,1,
MED13L,0,0,0,0,0,0,1,0,0,1,
MED17,0,0,0,0,1,1,0,0,0,2,
MED25,0,0,0,0,0,0,1,0,0,1,
MEF2C,0,0,0,0,0,0,0,0,1,1,
MEI-P26,1,0,0,0,0,0,0,0,0,1,
METTL23,0,0,0,0,0,0,1,0,0,1,
MFSD2A,0,0,0,0,1,1,0,0,0,2,
MFSD8,0,0,0,0,0,0,1,0,0,1,
MID2,0,0,0,0,0,0,1,0,0,1,
MKS1,0,0,0,0,0,0,1,0,0,1,
MLC1,0,0,0,0,0,0,1,0,0,1,
MLLT3,1,0,0,0,0,0,0,1,0,2,
MLYCD,0,0,0,0,0,0,1,0,0,1,
MMAA,0,0,0,0,0,0,1,0,0,1,
MMADHC,0,0,0,0,0,0,1,0,0,1,
MMP9,0,1,0,0,0,0,0,0,0,1,
MOCS2,0,0,0,0,0,0,1,0,0,1,
MOGS,0,0,0,0,0,0,1,0,0,1,
MPC1,0,0,0,0,0,0,1,0,0,1,
MPDU1,0,0,0,0,0,0,1,0,0,1,
MPDZ,1,0,0,0,1,1,0,0,0,3,
MPP7,0,0,0,0,0,0,0,1,0,1,
MRAP,0,0,0,0,0,0,1,0,0,1,
MRI1,0,0,0,0,0,0,0,1,0,1,
MRPS22,0,0,0,0,0,0,1,0,0,1,
MSC,0,0,0,0,0,0,0,1,0,1,
MSX2,1,0,0,0,0,0,1,0,0,2,
MT3,1,0,0,0,0,0,0,0,0,1,
MT-ATP6,0,0,0,0,0,0,3,1,0,4,
MT-ATP8,0,0,0,0,0,0,0,1,0,1,
MT-CO1,1,0,0,0,0,0,0,0,0,1,
MT-CYTB,0,0,0,0,0,0,0,1,0,1,
MTFMT,0,0,0,0,0,0,1,0,0,1,
MTHFR,0,1,0,0,0,0,1,0,0,2,
MTMR11,0,0,0,0,0,0,0,1,0,1,
MT-ND4,0,0,0,0,0,0,0,1,0,1,
MT-ND5,0,0,0,0,0,0,0,1,0,1,
MTO1,0,0,0,0,0,0,1,0,0,1,
MTOR,0,0,0,0,0,0,1,0,1,2,
MTR,0,1,0,0,0,0,1,0,0,2,
MTRR,0,1,0,0,0,0,0,0,0,1,
MT-TK,1,0,0,0,0,0,0,0,0,1,
MVP,1,0,0,0,0,0,0,0,0,1,
MYB,1,0,0,0,0,0,0,0,0,1,
MYH14,0,0,0,0,0,0,0,1,0,1,
MYH6,0,0,0,0,0,0,0,1,0,1,
MYO9B,0,0,0,0,0,0,0,1,0,1,
MYOCD,0,0,0,0,0,0,0,1,0,1,
MYT1L,0,0,0,0,0,0,1,0,0,1,
NAA10,0,0,0,0,0,0,1,0,0,1,
NACC1,0,0,0,0,0,0,0,0,1,1,
NADK2,0,0,0,0,0,0,1,0,0,1,
NALCN,0,0,0,0,0,0,1,0,0,1,
NANS,0,0,0,0,0,0,1,0,0,1,
NAPB,0,0,0,0,0,0,0,1,0,1,
NAT8L,0,0,0,0,0,0,1,0,0,1,
NCKAP5,0,0,0,0,0,0,0,1,0,1,
NDE1,0,0,0,0,1,1,0,0,0,2,
NDN,0,0,0,0,0,0,1,0,0,1,
NDP,0,0,0,0,0,0,1,0,1,2,
NDUFA1,0,0,0,0,0,0,1,0,0,1,
NDUFA2,0,0,0,0,0,0,1,0,0,1,
NDUFAF3,0,0,0,0,0,0,1,0,0,1,
NDUFAF6,0,0,0,0,0,0,1,0,0,1,
NDUFB11,0,0,0,0,0,0,1,0,0,1,
NDUFS4,0,0,0,0,0,0,1,0,0,1,
NDUFS8,0,0,0,0,0,0,1,0,0,1,
NDUFV1,1,0,0,0,0,0,1,0,0,2,
NEB,0,0,0,0,0,0,0,1,0,1,
NECAP1,0,0,1,1,0,0,0,0,1,3,
NEDD4,1,0,0,0,0,0,0,1,0,2,
NEDD4L,0,0,0,0,0,0,0,1,0,1,
NELL1,0,0,0,0,0,0,0,1,0,1,
NES,0,0,0,0,0,0,0,0,1,1,
NEU1,1,0,0,0,0,0,0,1,1,3,
NEUROD1,1,0,0,0,0,0,0,0,0,1,
NEXMIF,0,0,0,0,0,0,0,1,1,2,
NF1,1,0,0,0,0,0,2,1,0,4,
NGF,0,0,0,0,0,0,0,0,1,1,
NGLY1,0,0,0,0,0,0,1,0,0,1,
NHLRC1,1,0,1,1,0,0,0,0,1,4,
NHS,0,0,0,0,0,0,1,0,0,1,
NID1,0,0,0,0,0,0,0,1,0,1,
NIN,0,0,0,0,0,0,1,0,0,1,
NIPA1,0,0,0,0,0,0,1,0,0,1,
NIPA2,0,0,0,0,0,0,0,1,0,1,
NKAIN3,0,0,0,0,0,0,0,1,0,1,
NLGN1,0,0,0,0,0,0,0,1,0,1,
NOD2,0,0,0,0,0,0,1,0,0,1,
NOL11,0,0,0,0,0,0,0,1,0,1,
NOL3,0,0,0,0,0,0,0,1,0,1,
NONO,0,0,0,0,0,0,1,0,0,1,
NOTCH1,0,0,0,0,0,0,1,0,0,1,
NPC1,0,0,0,0,0,0,1,1,0,2,
NPC1L1,0,0,0,0,0,0,0,1,0,1,
NPC2,0,0,0,0,0,0,1,0,0,1,
NPRL2,0,0,0,0,0,0,0,1,1,2,
NPRL3,0,0,0,0,0,0,0,1,1,2,
NPTX2,1,0,0,0,0,0,0,0,0,1,
NPY,1,0,0,0,0,0,0,0,1,2,
NPY2R,0,0,0,0,0,0,0,0,1,1,
NR1I2,0,1,0,0,0,0,0,0,0,1,
NR2F1,0,0,0,0,0,0,0,1,0,1,
NR3C1,0,1,0,0,0,0,0,0,0,1,
NR4A1,1,0,0,0,0,0,0,0,0,1,
NRAS,0,0,0,0,0,0,1,0,0,1,
NRG2,0,0,0,0,0,0,0,1,0,1,
NRP2,1,0,0,0,0,0,0,0,0,1,
NRXN1,1,0,0,0,0,0,1,0,0,2,
NSD1,0,0,0,0,0,0,1,0,0,1,
NSD2,1,0,0,0,0,0,0,1,0,2,
NSDHL,0,0,0,0,1,1,0,0,0,2,
NTF3,0,0,0,0,0,0,0,0,1,1,
NTRK2,1,0,0,0,0,0,0,0,0,1,
NUBPL,0,0,0,0,0,0,1,0,0,1,
OCA2,0,0,0,0,0,0,0,1,0,1,
OCLN,0,0,0,0,1,1,0,0,0,2,
OFD1,0,0,0,0,0,0,1,0,0,1,
OPA1,0,0,0,0,0,0,0,1,0,1,
OPHN1,1,0,0,0,1,1,0,0,0,3,
OPLAH,0,0,0,0,0,0,1,0,0,1,
OPRD1,0,0,0,0,0,0,0,0,1,1,
OPRM1,1,1,0,0,0,0,0,1,1,4,
OR10H2,0,0,0,0,0,0,0,1,0,1,
ORAI1,0,0,0,0,0,0,1,0,0,1,
OTC,0,0,0,0,0,0,2,0,0,2,
OTX1,1,0,0,0,0,0,0,0,0,1,
OTX2,0,0,0,0,0,0,1,0,0,1,
OXT,0,0,0,0,0,0,0,0,1,1,
P2RX2,0,0,0,0,0,0,0,0,1,1,
P2RX4,0,0,0,0,0,0,0,0,1,1,
P2RX7,0,0,0,0,0,0,0,0,1,1,
PAFAH1B1,1,0,0,0,2,1,0,0,0,4,
PAK3,0,0,0,0,0,0,1,0,0,1,
PAQR8,1,0,0,0,0,0,0,0,0,1,
PARA,1,0,0,0,0,0,0,0,0,1,
PARN,0,0,0,0,0,0,1,0,0,1,
PAX6,0,1,0,0,0,0,0,0,0,1,
PC,0,0,1,1,1,1,5,3,0,12,
PCDH12,0,0,0,0,0,0,0,1,0,1,
PCDH15,0,0,0,0,0,0,0,1,0,1,
PCDH19,1,0,1,1,0,0,0,0,1,4,
PCDH7,0,0,0,0,0,0,0,1,0,1,
PCDHB4,0,0,0,0,0,0,0,1,0,1,
PCDHG,0,0,0,0,0,0,0,1,0,1,
PCLO,0,0,0,0,1,1,0,0,0,2,
PCMT1,1,0,0,0,0,0,0,0,0,1,
PDE10A,0,0,0,0,0,0,1,0,0,1,
PDHA1,0,0,0,0,0,0,1,0,0,1,
PDHX,0,0,0,0,0,0,1,0,0,1,
PDSS2,0,0,0,0,0,0,1,0,0,1,
PDX1,0,0,0,0,0,0,1,0,0,1,
PDYN,1,1,0,0,0,0,0,1,0,3,
PET100,0,0,0,0,0,0,1,0,0,1,
PEX13,0,0,0,0,0,0,1,0,0,1,
PEX14,0,0,0,0,0,0,1,0,0,1,
PEX19,0,0,0,0,0,0,1,0,0,1,
PEX2,0,0,0,0,0,0,1,0,0,1,
PEX3,0,0,0,0,0,0,1,0,0,1,
PEX5,0,0,0,0,0,0,1,0,0,1,
PEX7,0,0,0,0,0,0,1,0,0,1,
PGAP1,0,0,0,0,0,0,1,0,0,1,
PGAP2,0,0,0,0,0,0,1,0,0,1,
PGAP3,0,0,0,0,0,0,1,0,0,1,
PGK1,0,0,0,0,0,0,1,0,0,1,
PGM3,0,0,0,0,0,0,1,0,0,1,
PHF6,1,0,0,0,0,0,1,0,1,3,
PHF8,0,0,0,0,0,0,0,1,0,1,
PHGDH,0,0,0,0,0,0,1,0,0,1,
PHOX2A,1,0,0,0,0,0,0,0,0,1,
PHOX2B,0,0,0,0,0,0,0,1,0,1,
PIGA,0,0,0,0,0,0,1,0,0,1,
PIGG,0,0,0,0,0,0,1,0,0,1,
PIGL,0,0,0,0,0,0,1,0,0,1,
PIGM,0,0,0,0,0,0,1,0,0,1,
PIGN,0,0,0,0,0,0,1,0,0,1,
PIGO,0,0,0,0,0,0,1,0,0,1,
PIGQ,0,0,0,0,0,0,0,1,0,1,
PIGT,0,0,0,0,0,0,1,0,0,1,
PIGV,0,0,0,0,0,0,1,0,0,1,
PIGW,0,0,0,0,0,0,1,0,0,1,
PIGY,0,0,0,0,0,0,1,0,0,1,
PIK3AP1,0,0,0,0,0,0,0,1,0,1,
PIK3C2G,1,0,0,0,0,0,0,0,0,1,
PIK3R2,0,0,0,0,1,1,0,0,0,2,
PIM1,1,0,0,0,0,0,0,0,0,1,
PLA2G4A,1,0,0,0,0,0,0,0,0,1,
PLA2G6,0,0,0,0,0,0,1,0,0,1,
PLAT,1,0,0,0,0,0,0,0,0,1,
PLAUR,1,0,0,0,0,0,0,0,0,1,
PLCB1,0,0,1,1,0,0,0,0,1,3,
PLCL1,0,1,0,0,0,0,0,0,0,1,
PLD1,1,0,0,0,0,0,0,0,0,1,
PLEKHG2,0,0,0,0,1,1,0,0,0,2,
PLP1,1,0,0,0,0,0,1,0,0,2,
PLPBP,0,0,0,0,0,0,0,0,1,1,
PLXNB2,0,0,0,0,0,0,0,1,0,1,
PMP22,0,0,0,0,0,0,0,1,1,2,
PNKP,0,0,0,0,1,1,0,0,0,2,
PNOC,1,0,0,0,0,0,0,0,0,1,
PNPO,0,0,1,1,0,0,0,0,0,2,
PNPT1,0,0,0,0,0,0,0,1,0,1,
PODXL,0,0,0,0,0,0,0,1,0,1,
POGZ,0,0,0,0,0,0,1,0,0,1,
POLG,1,0,0,0,0,0,2,0,1,4,
POLG2,0,0,0,0,0,0,1,0,0,1,
POLR3B,0,0,0,0,0,0,1,0,0,1,
POMC,0,0,0,0,0,0,1,0,1,2,
POMGNT1,0,0,0,0,0,0,1,0,0,1,
POMK,0,0,0,0,0,0,1,0,0,1,
POMT1,0,0,0,0,0,0,1,0,0,1,
POMT2,0,0,0,0,0,0,1,0,0,1,
PPP1R15B,0,0,0,0,1,1,0,0,0,2,
PPP1R3C,0,0,0,0,0,0,0,1,0,1,
PPP2R1A,0,0,0,0,0,0,1,0,0,1,
PPP2R5D,0,0,0,0,0,0,1,0,0,1,
PPT1,1,0,0,0,0,0,0,0,0,1,
PQBP1,0,0,0,0,0,0,1,0,0,1,
PRAG1,0,0,0,0,0,0,0,1,0,1,
PRDM8,0,0,1,1,0,0,0,0,1,3,
PRICKLE1,1,0,1,1,0,0,0,0,1,4,
PRICKLE2,0,0,0,0,0,0,0,1,0,1,
PRKCG,1,0,0,0,0,0,0,0,0,1,
PRKDC,0,0,0,0,0,0,1,0,0,1,
PRKG1,1,0,0,0,0,0,0,0,0,1,
PRKN,0,0,0,0,0,0,0,1,0,1,
PRKX,0,0,0,0,0,0,0,1,0,1,
PRNP,1,1,0,0,0,0,1,0,1,4,
PRODH,1,0,0,0,0,0,0,0,0,1,
PROK2,0,0,0,0,0,0,1,0,0,1,
PROS1,0,0,0,0,0,0,1,0,0,1,
PRRC2B,0,0,0,0,0,0,0,1,0,1,
PRRT2,1,0,1,1,0,0,0,0,1,4,
PSAP,0,0,0,0,0,0,1,0,0,1,
PSAT1,0,0,0,0,0,0,1,0,0,1,
PSEN1,1,0,0,0,0,0,1,0,0,2,
PSEN2,0,0,0,0,0,0,1,0,0,1,
PSMB8,0,0,0,0,0,0,1,0,0,1,
PSPH,0,0,0,0,0,0,1,0,0,1,
PTCH1,0,0,0,0,1,1,0,0,0,2,
PTEN,0,0,0,0,0,0,1,0,0,1,
PTGER2,1,0,0,0,0,0,0,0,0,1,
PTGS2,1,0,0,0,0,0,0,0,0,1,
PTH,0,0,0,0,0,0,1,0,0,1,
PTPN23,0,0,0,0,0,0,0,1,0,1,
PTZ1A,1,0,0,0,0,0,0,0,0,1,
PTZ1B,1,0,0,0,0,0,0,0,0,1,
PUF60,0,0,0,0,0,0,1,0,0,1,
PUM,1,0,0,0,0,0,0,0,0,1,
PURA,1,0,0,0,0,0,1,0,1,3,
PUS3,0,0,0,0,0,0,1,0,0,1,
QARS,0,0,0,0,1,1,0,0,0,2,
QDPR,0,0,0,0,0,0,1,0,0,1,
QKI,1,0,0,0,0,0,0,0,0,1,
QPRT,1,0,0,0,0,0,0,0,0,1,
RAB18,0,0,0,0,0,0,1,0,0,1,
RAB39B,0,0,0,0,0,0,1,0,1,2,
RAI1,0,0,0,0,0,0,2,0,0,2,
RALBP1,1,1,0,0,0,0,0,0,0,2,
RANBP2,0,0,0,0,0,0,1,0,0,1,
RAPGEF2,0,0,0,0,0,0,0,0,1,1,
RAPGEF6,0,0,0,0,0,0,0,1,0,1,
RAPSN,0,0,0,0,0,0,1,0,0,1,
RAS,1,0,0,0,0,0,0,0,0,1,
RB1,0,0,1,1,0,0,0,1,0,3,
RBFOX1,1,0,0,0,0,0,0,1,0,2,
RBFOX3,0,0,0,0,0,0,0,1,0,1,
RBM10,0,0,0,0,0,0,1,0,0,1,
RBP4,0,0,0,0,0,0,1,0,0,1,
RBPJ,0,0,0,0,0,0,0,1,0,1,
RBSN,0,0,0,0,0,0,0,1,0,1,
RD3,0,0,0,0,0,0,0,1,0,1,
RELN,1,1,0,0,1,1,0,0,1,5,
RFT1,0,0,0,0,0,0,1,0,0,1,
RFX3,0,0,0,0,0,0,0,1,0,1,
RMND1,0,0,0,0,0,0,1,0,0,1,
RNASET2,0,0,0,0,0,0,1,0,0,1,
RNF213,0,0,0,0,0,0,1,0,0,1,
ROGDI,0,0,0,0,0,0,1,0,1,2,
RORB,0,0,0,0,0,0,0,1,0,1,
RPL10,0,0,0,0,0,0,1,0,0,1,
RRM2B,0,0,0,0,0,0,1,0,0,1,
RS16944,0,1,0,0,0,0,0,0,0,1,
RTN4IP1,0,0,0,0,0,0,1,0,0,1,
RTN4R,0,0,0,0,0,0,0,1,0,1,
RTTN,0,0,0,0,1,1,0,0,0,2,
RUBCN,0,0,0,0,0,0,1,0,0,1,
RYR1,0,0,0,0,0,0,1,0,0,1,
RYR2,1,0,0,0,0,0,0,0,0,1,
RYR3,0,0,0,0,0,0,0,1,0,1,
S100B,1,0,0,0,0,0,0,0,0,1,
SACS,0,0,0,0,0,0,1,0,1,2,
SAMD12,0,0,0,0,0,0,0,0,1,1,
SASS6,0,0,0,0,1,1,0,0,0,2,
SATB2,0,0,0,0,0,0,1,0,0,1,
SCARB2,1,0,1,1,0,0,0,0,0,3,
SCN1A,1,1,3,1,0,0,0,0,1,7,Sodium channel
SCN1B,1,1,1,1,0,0,0,0,1,5,Sodium channel
SCN2A,1,1,2,1,0,0,0,0,1,6,Sodium channel
SCN2B,0,1,0,0,0,0,0,0,0,1,Sodium channel
SCN3A,0,1,0,0,0,0,0,1,1,3,Sodium channel
SCN3B,0,1,0,0,0,0,0,0,0,1,Sodium channel
SCN4A,0,0,0,0,0,0,0,1,0,1,Sodium channel
SCN5A,1,0,0,0,0,0,0,1,0,2,Sodium channel
SCN8A,1,1,2,1,0,0,0,0,1,6,Sodium channel
SCN9A,0,0,3,1,0,0,0,0,1,5,Sodium channel
SCNM1,0,0,0,0,0,0,0,1,0,1,
SCO2,0,0,0,0,0,0,1,0,0,1,
SDA,1,0,0,0,0,0,0,0,0,1,
SDHD,0,0,0,0,0,0,1,0,0,1,
SEC24D,0,0,0,0,0,0,0,1,0,1,
SEI,1,0,0,0,0,0,0,0,0,1,
SELENOW,0,0,0,0,0,0,0,0,1,1,
SEMA3A,1,0,0,0,0,0,0,0,0,1,
SEMA5B,0,0,0,0,0,0,0,1,0,1,
SEPHS1,1,0,0,0,0,0,0,0,0,1,
SEPSECS,0,0,0,0,1,1,0,0,0,2,
SERPINI1,0,0,0,0,0,0,1,0,1,2,
SETBP1,0,0,0,0,0,0,1,0,0,1,
SETD2,0,0,0,0,0,0,1,0,0,1,
SETD5,0,0,0,0,0,0,0,1,0,1,
SEZ2,1,0,0,0,0,0,0,0,0,1,
SEZ6,1,0,0,0,0,0,0,1,0,2,
SGCE,1,0,0,0,0,0,1,0,0,2,
SHAKB,1,0,0,0,0,0,0,0,0,1,
SHANK1,0,0,0,0,0,0,0,1,0,1,
SHANK3,0,0,0,0,0,0,1,0,0,1,
SHMT1,0,1,0,0,0,0,0,0,0,1,
SHROOM4,0,0,0,0,0,0,1,0,0,1,
SIK1,0,0,1,1,0,0,0,0,1,3,
SKI,0,0,0,0,0,0,0,1,0,1,
SLC12A2,0,0,0,0,0,0,0,0,1,1,
SLC12A5,1,0,2,1,0,0,0,0,1,5,
SLC12A6,1,0,0,0,1,1,0,0,0,3,
SLC13A1,1,0,0,0,0,0,0,0,0,1,
SLC13A5,0,0,1,1,0,0,0,0,1,3,
SLC16A1,0,0,0,0,0,0,1,0,0,1,
SLC17A5,0,0,0,0,0,0,1,0,0,1,
SLC17A8,1,0,0,0,0,0,0,0,0,1,
SLC19A3,0,0,0,0,0,0,1,0,0,1,
SLC1A1,1,0,0,0,0,0,0,0,1,2,
SLC1A2,1,1,1,1,0,0,0,0,1,5,
SLC1A3,1,0,0,0,0,0,1,0,1,3,
SLC1A4,0,0,0,0,0,0,1,0,0,1,
SLC20A2,0,0,0,0,1,1,0,0,0,2,
SLC25A1,0,0,1,1,0,0,2,0,0,4,
SLC25A12,0,0,1,1,0,0,0,0,0,2,
SLC25A15,0,0,0,0,0,0,1,0,0,1,
SLC25A2,0,0,1,1,0,0,1,1,0,4,
SLC25A20,0,0,0,0,0,0,1,0,0,1,
SLC25A22,1,0,1,1,0,0,0,0,1,4,
SLC26A1,0,0,0,0,0,0,0,1,0,1,
SLC2A1,1,0,1,1,0,0,0,0,0,3,
SLC30A3,1,0,0,0,0,0,0,1,0,2,
SLC33A1,0,0,0,0,0,0,1,0,0,1,
SLC35A2,0,0,0,0,0,0,1,0,0,1,
SLC35A3,0,0,0,0,0,0,1,0,0,1,
SLC39A8,0,0,0,0,0,0,1,0,0,1,
SLC46A1,0,0,0,0,0,0,1,0,0,1,
SLC4A10,0,0,0,0,0,0,0,1,1,2,
SLC4A3,1,1,0,0,0,0,0,1,0,3,
SLC5A11,1,0,0,0,0,0,0,0,0,1,
SLC6A1,0,1,1,1,0,0,0,0,1,4,
SLC6A11,1,1,0,0,0,0,0,0,0,2,
SLC6A12,1,0,0,0,0,0,0,0,0,1,
SLC6A13,0,1,0,0,0,0,0,0,0,1,
SLC6A3,0,1,0,0,0,0,0,1,0,2,
SLC6A4,1,1,0,0,0,0,0,1,0,3,
SLC6A8,1,0,0,0,0,0,1,0,0,2,
SLC7A11,0,0,0,0,0,0,0,1,0,1,
SLC7A6OS,0,0,0,0,0,0,0,1,0,1,
SLC8A1,0,0,0,0,0,0,0,1,0,1,
SLC9A1,1,1,0,0,0,0,1,0,0,3,
SLC9A3,0,1,0,0,0,0,0,0,0,1,
SLC9A6,1,0,0,0,0,0,1,0,1,3,
SLC9A9,0,0,0,0,0,0,1,0,0,1,
SLCO1A5,0,0,0,0,0,0,0,0,1,1,
SLCO1B7,0,0,0,0,0,0,0,1,0,1,
SLIT2,0,0,0,0,0,0,0,0,1,1,
SMARCA2,0,0,0,0,0,0,1,0,0,1,
SMARCA4,0,0,0,0,0,0,1,0,0,1,
SMARCB1,0,0,0,0,0,0,1,0,0,1,
SMARCE1,0,0,0,0,0,0,1,0,0,1,
SMC1A,0,0,0,0,0,0,1,0,1,2,
SMG9,0,0,0,0,0,0,1,0,0,1,
SMS,1,0,0,0,0,0,1,0,0,2,
SNAP25,1,0,0,0,0,0,0,1,1,3,
SNB-1,1,0,0,0,0,0,0,0,0,1,
SNIP1,0,0,0,0,1,1,0,0,0,2,
SNRPN,0,0,0,0,0,0,1,0,0,1,
SNX14,0,0,0,0,0,0,1,0,0,1,
SOBP,0,0,0,0,0,0,1,0,0,1,
SOD2,0,1,0,0,0,0,0,0,0,1,
SON,0,0,0,0,0,0,0,1,0,1,
SOX1,1,0,0,0,0,0,0,0,0,1,
SOX2,1,0,0,0,0,0,1,0,0,2,
SOX5,0,0,0,0,0,0,1,0,0,1,
SPARCL1,0,0,0,0,0,0,0,0,1,1,
SPATA5,0,0,0,0,1,1,0,0,1,3,
SPR,0,0,0,0,0,0,1,0,0,1,
SPTA1,1,0,0,0,0,0,0,0,0,1,
SPTAN1,1,0,1,1,0,0,0,0,1,4,
SPTLC2,0,0,0,0,0,0,1,0,0,1,
SQSTM1,0,0,0,0,0,0,0,1,0,1,
SRGAP2,0,0,0,0,0,0,0,1,0,1,
SRPX2,0,0,0,0,1,1,0,0,1,3,
SSR4,0,0,0,0,0,0,1,0,0,1,
ST3GAL3,0,0,1,1,0,0,0,0,0,2,
ST3GAL5,0,0,1,1,0,0,0,0,1,3,
ST5,0,0,0,0,0,0,0,1,0,1,
ST7,0,0,0,0,0,0,0,1,0,1,
ST8SIA2,0,0,0,0,0,0,0,1,0,1,
STAMBP,0,0,0,0,1,1,0,0,1,3,
STAT1,0,0,0,0,0,0,1,0,0,1,
STK11,0,0,0,0,0,0,0,1,0,1,
STRADA,0,0,0,0,1,1,0,0,1,3,
STT3A,0,0,0,0,0,0,1,0,0,1,
STT3B,0,0,0,0,0,0,1,0,0,1,
STX1B,0,0,1,0,0,0,0,0,1,2,
STXBP1,1,0,1,1,0,0,0,0,1,4,
STYXL1,0,0,0,0,0,0,0,1,0,1,
SUCLA2,0,0,0,0,0,0,1,0,0,1,
SUCO,0,0,0,0,0,0,0,1,0,1,
SURF1,1,0,0,0,0,0,0,0,0,1,
SV2A,1,1,0,0,0,0,0,1,0,3,
SV2B,1,0,0,0,0,0,0,0,0,1,
SYN1,1,0,0,0,1,1,0,0,1,4,
SYN2,1,1,0,0,0,0,0,1,0,3,
SYNGAP1,0,0,0,0,0,0,1,0,1,2,
SYNJ1,0,0,0,0,0,0,1,0,1,2,
SYP,0,0,0,0,0,0,1,0,0,1,
SYT1,1,0,0,0,0,0,0,0,0,1,
SYT10,1,0,0,0,0,0,0,0,0,1,
SYT14,0,0,0,0,0,0,1,0,0,1,
SYT2,0,0,0,0,0,0,0,1,0,1,
SYT4,1,0,0,0,0,0,0,0,0,1,
SZS1,1,0,0,0,0,0,0,0,0,1,
SZS10,1,0,0,0,0,0,0,0,0,1,
SZS11,1,0,0,0,0,0,0,0,0,1,
SZS12,1,0,0,0,0,0,0,0,0,1,
SZS13,1,0,0,0,0,0,0,0,0,1,
SZS2,1,0,0,0,0,0,0,0,0,1,
SZS3,1,0,0,0,0,0,0,0,0,1,
SZS4,1,0,0,0,0,0,0,0,0,1,
SZS5,1,0,0,0,0,0,0,0,0,1,
SZS6,1,0,0,0,0,0,0,0,0,1,
SZS7,1,0,0,0,0,0,0,0,0,1,
SZS8,1,0,0,0,0,0,0,0,0,1,
SZS9,1,0,0,0,0,0,0,0,0,1,
SZT2,0,0,1,1,0,0,0,0,1,3,
SZV1,1,0,0,0,0,0,0,0,0,1,
SZV2,1,0,0,0,0,0,0,0,0,1,
SZV3,1,0,0,0,0,0,0,0,0,1,
TAF1,0,0,0,0,0,0,1,0,0,1,
TANGO2,0,0,0,0,0,0,1,0,0,1,
TAP1,0,1,0,0,0,0,0,1,0,2,
TBC1D24,0,0,2,1,0,0,0,0,1,4,
TBCD,0,0,0,0,0,0,0,2,0,2,
TBCK,0,0,0,0,0,0,1,0,0,1,
TBL1XR1,0,0,0,0,0,0,0,1,0,1,
TBP,1,0,0,0,0,0,2,0,0,3,
TCF4,1,0,0,0,0,0,1,0,0,2,
TDP1,0,0,0,0,0,0,1,0,0,1,
TDP2,0,0,0,0,0,0,1,0,0,1,
TECPR2,0,0,0,0,0,0,1,0,0,1,
TEF,1,0,0,0,0,0,0,0,0,1,
TEK,0,0,0,0,0,0,0,0,1,1,
TELO2,0,0,0,0,0,0,1,0,0,1,
TENM2,0,0,0,0,0,0,0,1,0,1,
TGFB1,0,0,0,0,0,0,0,0,1,1,
THAP1,0,0,0,0,0,0,0,1,0,1,
THOC2,0,0,0,0,0,0,1,0,0,1,
THRB,0,0,0,0,0,0,1,0,0,1,
TICAM1,0,0,0,0,0,0,1,0,0,1,
TK2,0,0,0,0,0,0,0,1,0,1,
TMEM139,0,0,0,0,0,0,0,1,0,1,
TMEM70,0,0,0,0,0,0,1,0,0,1,
TMLHE,0,0,0,0,0,0,1,0,0,1,
TNF,1,1,0,0,0,0,0,0,0,2,
TNFAIP6,0,0,0,0,0,0,0,1,0,1,
TNFRSF1A,1,0,0,0,0,0,0,0,0,1,
TNK2,0,0,0,0,0,0,0,1,0,1,
TNR,1,0,0,0,0,0,0,0,0,1,
TNRC6A,0,0,0,0,0,0,0,0,1,1,
TOP1,1,0,0,0,0,0,0,0,0,1,
TOR1A,0,0,0,0,0,0,0,1,0,1,
TPK1,0,0,0,0,0,0,1,0,0,1,
TPP1,1,0,0,0,0,0,1,0,0,2,
TRAF3,0,0,0,0,0,0,1,0,0,1,
TRAPPC10,1,0,0,0,0,0,0,0,0,1,
TRAPPC11,0,0,0,0,0,0,1,0,0,1,
TRAPPC9,0,0,0,0,0,0,1,0,0,1,
TRIM8,0,0,0,0,0,0,0,1,0,1,
TRMT10A,0,0,0,0,1,1,0,0,0,2,
TRMT44,0,0,0,0,0,0,0,1,0,1,
TRNF,0,0,0,0,0,0,0,0,1,1,
TRNI,0,0,0,0,0,0,0,0,1,1,
TRNK,0,0,0,0,0,0,0,0,1,1,
TRNL1,0,0,0,0,0,0,0,0,1,1,
TRNP,0,0,0,0,0,0,0,0,1,1,
TRPC4,0,1,0,0,0,0,0,0,0,1,
TRPM1,0,0,0,0,0,0,0,1,0,1,
TRPM6,0,0,0,0,0,0,1,0,0,1,
TRPV1,1,0,0,0,0,0,0,0,1,2,
TSC1,1,1,0,0,1,1,0,0,1,5,
TSC2,1,1,0,0,1,1,0,0,1,5,
TSEN15,0,0,0,0,1,1,0,0,0,2,
TSEN2,0,0,0,0,1,1,0,0,0,2,
TSEN54,0,0,0,0,1,1,0,0,0,2,
TSNARE1,0,0,0,0,0,0,0,1,0,1,
TSPAN7,0,0,0,0,0,0,0,1,0,1,
TSPYL4,0,0,0,0,0,0,0,1,0,1,
TTN,0,0,0,0,1,1,0,1,0,3,
TTR,0,0,0,0,0,0,1,0,0,1,
TUBA1A,1,0,0,0,1,1,0,0,0,3,
TUBA3E,0,0,0,0,0,0,0,1,0,1,
TUBA8,0,0,0,0,1,1,0,0,0,2,
TUBB2A,0,0,0,0,1,1,0,0,0,2,
TUBB2B,0,0,0,0,1,1,0,0,0,2,
TUBB3,0,0,0,0,1,1,0,0,0,2,
TUBB4A,0,0,0,0,0,0,1,0,0,1,
TUBG1,0,0,0,0,1,1,0,0,0,2,
TWNK,0,0,0,0,0,0,1,0,0,1,
TXN2,0,0,0,0,0,0,1,0,0,1,
TXNRD1,0,0,0,0,0,0,0,0,1,1,
U2AF1,1,0,0,0,0,0,0,0,0,1,
UBA5,0,0,1,1,0,0,0,0,1,3,
UBE2A,0,0,0,0,0,0,1,0,0,1,
UBE3A,1,0,0,0,0,0,1,0,1,3,
UBR5,0,0,0,0,0,0,0,1,0,1,
UCP2,1,0,0,0,0,0,0,0,0,1,
UGT2B7,0,1,0,0,0,0,0,0,0,1,
UNC-104,1,0,0,0,0,0,0,0,0,1,
UNC-25,1,0,0,0,0,0,0,0,0,1,
UNC-43,1,0,0,0,0,0,0,0,0,1,
UNC-47,1,0,0,0,0,0,0,0,0,1,
UNC-49,1,0,0,0,0,0,0,0,0,1,
UNC80,0,0,0,0,0,0,1,0,0,1,
UPB1,0,0,0,0,0,0,1,0,1,2,
UQCC2,0,0,0,0,0,0,1,0,0,1,
USP9X,0,0,0,0,0,0,1,0,0,1,
UTRN,1,0,0,0,0,0,0,0,0,1,
VAMP2,1,0,0,0,0,0,0,0,0,1,
VARS2,0,0,0,0,0,0,1,0,0,1,
VDAC1,0,0,0,0,0,0,0,0,1,1,
VDAC2,0,0,0,0,0,0,0,0,1,1,
VDR,0,0,0,0,0,0,0,0,1,1,
VEGFA,0,0,0,0,0,0,0,0,1,1,
VPS11,0,0,0,0,0,0,1,0,0,1,
VPS53,0,0,0,0,1,1,0,0,0,2,
WDR19,0,0,0,0,0,0,0,1,0,1,
WDR45,0,0,0,0,0,0,1,0,1,2,
WDR62,0,0,0,0,1,1,0,0,0,2,
WDR73,0,0,0,0,1,1,0,0,0,2,
WNT8B,1,0,0,0,0,0,0,0,0,1,
WTRS,0,0,0,0,0,0,0,0,1,1,
WWOX,0,0,1,1,0,0,0,0,1,3,
XK,0,0,0,0,0,0,1,0,0,1,
XPNPEP3,0,0,0,0,0,0,1,0,0,1,
XPR1,0,0,0,0,1,1,0,0,0,2,
YAP1,0,0,0,0,0,0,0,1,0,1,
YWHAB,1,0,0,0,0,0,0,0,0,1,
YWHAE,0,0,0,0,0,0,0,1,0,1,
ZBTB18,0,0,0,0,0,0,0,1,0,1,
ZC4H2,0,0,0,0,0,0,1,0,0,1,
ZDHHC15,0,0,0,0,0,0,1,0,0,1,
ZEB2,1,0,0,0,0,0,1,0,0,2,
ZFP57,0,0,0,0,0,0,1,0,0,1,
ZFYVE26,0,0,0,0,0,0,1,0,0,1,
ZMYND11,0,0,0,0,0,0,0,1,0,1,
ZMYND8,0,0,0,0,0,0,0,1,0,1,
ZNF12,0,0,0,0,0,0,0,1,0,1,
ZNF182,0,0,0,0,0,0,0,1,0,1,
ZNF354A,1,0,0,0,0,0,0,0,0,1,
ZNF44,0,0,0,0,0,0,0,1,0,1,
ZNF589,1,0,0,0,0,0,0,0,0,1,
ZNHIT3,0,0,0,0,0,0,0,0,1,1,
